city,ibge7,indicator_id,title,level,year,network,stage,location,unit,value,status,source_id,raw_sheet,raw_row,raw_cell,variable,lineage_id
belem,1501402,R73_ABANDONMENT_EF_2024_TOTAL,Abandono · Ensino fundamental,municipality,2024,Total,EF,Total,%,0.6,AVAILABLE,AB_MUN,MUNICIPIOS ,2188,,3_CAT_FUN,belem|R73_ABANDONMENT_EF_2024_TOTAL|municipality
belem,1501402,R73_ABANDONMENT_EF_2024_TOTAL,Abandono · Ensino fundamental,state,2024,Total,EF,Total,%,1.3,AVAILABLE,AB_REF,BRASIL_REGIOES_UFS ,189,,3_CAT_FUN,belem|R73_ABANDONMENT_EF_2024_TOTAL|state
belem,1501402,R73_ABANDONMENT_EF_2024_TOTAL,Abandono · Ensino fundamental,brazil,2024,Total,EF,Total,%,0.6,AVAILABLE,AB_REF,BRASIL_REGIOES_UFS ,10,,3_CAT_FUN,belem|R73_ABANDONMENT_EF_2024_TOTAL|brazil
belem,1501402,R73_ABANDONMENT_AI_2024_TOTAL,Abandono · Anos iniciais,municipality,2024,Total,AI,Total,%,0.6,AVAILABLE,AB_MUN,MUNICIPIOS ,2188,,3_CAT_FUN_AI,belem|R73_ABANDONMENT_AI_2024_TOTAL|municipality
belem,1501402,R73_ABANDONMENT_AI_2024_TOTAL,Abandono · Anos iniciais,state,2024,Total,AI,Total,%,0.6,AVAILABLE,AB_REF,BRASIL_REGIOES_UFS ,189,,3_CAT_FUN_AI,belem|R73_ABANDONMENT_AI_2024_TOTAL|state
belem,1501402,R73_ABANDONMENT_AI_2024_TOTAL,Abandono · Anos iniciais,brazil,2024,Total,AI,Total,%,0.3,AVAILABLE,AB_REF,BRASIL_REGIOES_UFS ,10,,3_CAT_FUN_AI,belem|R73_ABANDONMENT_AI_2024_TOTAL|brazil
belem,1501402,R73_ABANDONMENT_AF_2024_TOTAL,Abandono · Anos finais,municipality,2024,Total,AF,Total,%,0.7,AVAILABLE,AB_MUN,MUNICIPIOS ,2188,,3_CAT_FUN_AF,belem|R73_ABANDONMENT_AF_2024_TOTAL|municipality
belem,1501402,R73_ABANDONMENT_AF_2024_TOTAL,Abandono · Anos finais,state,2024,Total,AF,Total,%,2.3,AVAILABLE,AB_REF,BRASIL_REGIOES_UFS ,189,,3_CAT_FUN_AF,belem|R73_ABANDONMENT_AF_2024_TOTAL|state
belem,1501402,R73_ABANDONMENT_AF_2024_TOTAL,Abandono · Anos finais,brazil,2024,Total,AF,Total,%,1.1,AVAILABLE,AB_REF,BRASIL_REGIOES_UFS ,10,,3_CAT_FUN_AF,belem|R73_ABANDONMENT_AF_2024_TOTAL|brazil
belem,1501402,R73_ABANDONMENT_EM_2024_TOTAL,Abandono · Ensino médio,municipality,2024,Total,EM,Total,%,1.6,AVAILABLE,AB_MUN,MUNICIPIOS ,2188,,3_CAT_MED,belem|R73_ABANDONMENT_EM_2024_TOTAL|municipality
belem,1501402,R73_ABANDONMENT_EM_2024_TOTAL,Abandono · Ensino médio,state,2024,Total,EM,Total,%,1.9,AVAILABLE,AB_REF,BRASIL_REGIOES_UFS ,189,,3_CAT_MED,belem|R73_ABANDONMENT_EM_2024_TOTAL|state
belem,1501402,R73_ABANDONMENT_EM_2024_TOTAL,Abandono · Ensino médio,brazil,2024,Total,EM,Total,%,3.2,AVAILABLE,AB_REF,BRASIL_REGIOES_UFS ,10,,3_CAT_MED,belem|R73_ABANDONMENT_EM_2024_TOTAL|brazil
belem,1501402,R73_DISTORTION_EF_2024_TOTAL,Distorção idade-série · Ensino fundamental,municipality,2024,Total,EF,Total,%,15.8,AVAILABLE,TDI_MUN,MUNICIPIO,2187,,FUN_CAT_0,belem|R73_DISTORTION_EF_2024_TOTAL|municipality
belem,1501402,R73_DISTORTION_EF_2024_TOTAL,Distorção idade-série · Ensino fundamental,state,2024,Total,EF,Total,%,21.5,AVAILABLE,TDI_REF,BRASIL_REGIÕES_UFS,189,,FUN_CAT_0,belem|R73_DISTORTION_EF_2024_TOTAL|state
belem,1501402,R73_DISTORTION_EF_2024_TOTAL,Distorção idade-série · Ensino fundamental,brazil,2024,Total,EF,Total,%,10.9,AVAILABLE,TDI_REF,BRASIL_REGIÕES_UFS,10,,FUN_CAT_0,belem|R73_DISTORTION_EF_2024_TOTAL|brazil
belem,1501402,R73_DISTORTION_AI_2024_TOTAL,Distorção idade-série · Anos iniciais,municipality,2024,Total,AI,Total,%,10.7,AVAILABLE,TDI_MUN,MUNICIPIO,2187,,FUN_AI_CAT_0,belem|R73_DISTORTION_AI_2024_TOTAL|municipality
belem,1501402,R73_DISTORTION_AI_2024_TOTAL,Distorção idade-série · Anos iniciais,state,2024,Total,AI,Total,%,14.0,AVAILABLE,TDI_REF,BRASIL_REGIÕES_UFS,189,,FUN_AI_CAT_0,belem|R73_DISTORTION_AI_2024_TOTAL|state
belem,1501402,R73_DISTORTION_AI_2024_TOTAL,Distorção idade-série · Anos iniciais,brazil,2024,Total,AI,Total,%,7.1,AVAILABLE,TDI_REF,BRASIL_REGIÕES_UFS,10,,FUN_AI_CAT_0,belem|R73_DISTORTION_AI_2024_TOTAL|brazil
belem,1501402,R73_DISTORTION_AF_2024_TOTAL,Distorção idade-série · Anos finais,municipality,2024,Total,AF,Total,%,21.5,AVAILABLE,TDI_MUN,MUNICIPIO,2187,,FUN_AF_CAT_0,belem|R73_DISTORTION_AF_2024_TOTAL|municipality
belem,1501402,R73_DISTORTION_AF_2024_TOTAL,Distorção idade-série · Anos finais,state,2024,Total,AF,Total,%,30.8,AVAILABLE,TDI_REF,BRASIL_REGIÕES_UFS,189,,FUN_AF_CAT_0,belem|R73_DISTORTION_AF_2024_TOTAL|state
belem,1501402,R73_DISTORTION_AF_2024_TOTAL,Distorção idade-série · Anos finais,brazil,2024,Total,AF,Total,%,15.7,AVAILABLE,TDI_REF,BRASIL_REGIÕES_UFS,10,,FUN_AF_CAT_0,belem|R73_DISTORTION_AF_2024_TOTAL|brazil
belem,1501402,R73_DISTORTION_EM_2024_TOTAL,Distorção idade-série · Ensino médio,municipality,2024,Total,EM,Total,%,26.1,AVAILABLE,TDI_MUN,MUNICIPIO,2187,,MED_CAT_0,belem|R73_DISTORTION_EM_2024_TOTAL|municipality
belem,1501402,R73_DISTORTION_EM_2024_TOTAL,Distorção idade-série · Ensino médio,state,2024,Total,EM,Total,%,31.1,AVAILABLE,TDI_REF,BRASIL_REGIÕES_UFS,189,,MED_CAT_0,belem|R73_DISTORTION_EM_2024_TOTAL|state
belem,1501402,R73_DISTORTION_EM_2024_TOTAL,Distorção idade-série · Ensino médio,brazil,2024,Total,EM,Total,%,17.8,AVAILABLE,TDI_REF,BRASIL_REGIÕES_UFS,10,,MED_CAT_0,belem|R73_DISTORTION_EM_2024_TOTAL|brazil
belem,1501402,R73_WASH_WATER_2025,Matrículas em escolas · água inadequada,municipality,2025,Estadual e Municipal,,Total,%,0.8946070500000001,AVAILABLE,FA_WASH_2025,,171,,share_enrolments_inadequate_water,belem|R73_WASH_WATER_2025|municipality
belem,1501402,R73_WASH_WATER_2025,Matrículas em escolas · água inadequada,state,2025,Estadual e Municipal,,Total,%,,NOT_APPLICABLE_SCOPE,,,,,,
belem,1501402,R73_WASH_WATER_2025,Matrículas em escolas · água inadequada,brazil,2025,Estadual e Municipal,,Total,%,,NOT_APPLICABLE_SCOPE,,,,,,
belem,1501402,R73_WASH_SANITATION_2025,Matrículas em escolas · esgotamento inadequado,municipality,2025,Estadual e Municipal,,Total,%,5.95149111,AVAILABLE,FA_WASH_2025,,171,,share_enrolments_inadequate_sanitation,belem|R73_WASH_SANITATION_2025|municipality
belem,1501402,R73_WASH_SANITATION_2025,Matrículas em escolas · esgotamento inadequado,state,2025,Estadual e Municipal,,Total,%,,NOT_APPLICABLE_SCOPE,,,,,,
belem,1501402,R73_WASH_SANITATION_2025,Matrículas em escolas · esgotamento inadequado,brazil,2025,Estadual e Municipal,,Total,%,,NOT_APPLICABLE_SCOPE,,,,,,
belem,1501402,R74_IDEB_AI_2025_PUBLICA,Ideb · Anos iniciais,municipality,2025,Pública,AI,Urbana,índice 0–10,5.8,AVAILABLE,INEP_IDEB_2025_MUN_AI,IDEB_AI_MUNICÍPIOS,503,DU503,VL_OBSERVADO_2025,belem|R74_IDEB_AI_2025_PUBLICA|municipality
belem,1501402,R74_IDEB_AI_2025_PUBLICA,Ideb · Anos iniciais,state,2025,Pública,AI,Urbana,índice 0–10,5.5,AVAILABLE,INEP_IDEB_2025_UF,UF e Regiões (AI),32,DS32,VL_OBSERVADO_2025,belem|R74_IDEB_AI_2025_PUBLICA|state
belem,1501402,R74_IDEB_AI_2025_PUBLICA,Ideb · Anos iniciais,brazil,2025,Pública,AI,Urbana,índice 0–10,,INCOMPATIBLE_UNIVERSE,,,,,,
belem,1501402,R74_IDEB_AF_2025_PUBLICA,Ideb · Anos finais,municipality,2025,Pública,AF,Urbana,índice 0–10,5,AVAILABLE,INEP_IDEB_2025_MUN_AF,IDEB_AF_MUNICÍPIOS,494,DJ494,VL_OBSERVADO_2025,belem|R74_IDEB_AF_2025_PUBLICA|municipality
belem,1501402,R74_IDEB_AF_2025_PUBLICA,Ideb · Anos finais,state,2025,Pública,AF,Urbana,índice 0–10,4.7,AVAILABLE,INEP_IDEB_2025_UF,UF e Regiões (AF),32,DH32,VL_OBSERVADO_2025,belem|R74_IDEB_AF_2025_PUBLICA|state
belem,1501402,R74_IDEB_AF_2025_PUBLICA,Ideb · Anos finais,brazil,2025,Pública,AF,Urbana,índice 0–10,5,AVAILABLE,INEP_IDEB_2025_BR,Brasil (Anos Finais),14,DH14,VL_OBSERVADO_2025,belem|R74_IDEB_AF_2025_PUBLICA|brazil
belem,1501402,R74_IDEB_AI_2025_ESTADUAL,Ideb · Anos iniciais,municipality,2025,Estadual,AI,Urbana,índice 0–10,6.2,AVAILABLE,INEP_IDEB_2025_MUN_AI,IDEB_AI_MUNICÍPIOS,501,DU501,VL_OBSERVADO_2025,belem|R74_IDEB_AI_2025_ESTADUAL|municipality
belem,1501402,R74_IDEB_AI_2025_ESTADUAL,Ideb · Anos iniciais,state,2025,Estadual,AI,Urbana,índice 0–10,6.2,AVAILABLE,INEP_IDEB_2025_UF,UF e Regiões (AI),34,DS34,VL_OBSERVADO_2025,belem|R74_IDEB_AI_2025_ESTADUAL|state
belem,1501402,R74_IDEB_AI_2025_ESTADUAL,Ideb · Anos iniciais,brazil,2025,Estadual,AI,Urbana,índice 0–10,6.4,AVAILABLE,INEP_IDEB_2025_BR,Brasil (Anos Iniciais),12,DS12,VL_OBSERVADO_2025,belem|R74_IDEB_AI_2025_ESTADUAL|brazil
belem,1501402,R74_FA_D1,Localidades → sede · P90 em linha reta,municipality,2022,NOT_APPLICABLE,,Município completo,km,38.589621,AVAILABLE,FA_STRUCTURAL_D1_D2,CSV único,171,,p90_euclidean_distance_to_seat_km,belem|R74_FA_D1|municipality
belem,1501402,R74_FA_D2,Sede → nó regional mais próximo · linha reta,municipality,2018 / 2024,NOT_APPLICABLE,,Município completo,km,0.0,AVAILABLE,FA_STRUCTURAL_D1_D2,CSV único,171,,seat_to_nearest_regional_node_euclidean_km,belem|R74_FA_D2|municipality
manaus,1302603,R73_ABANDONMENT_EF_2024_TOTAL,Abandono · Ensino fundamental,municipality,2024,Total,EF,Total,%,0.5,AVAILABLE,AB_MUN,MUNICIPIOS ,1413,,3_CAT_FUN,manaus|R73_ABANDONMENT_EF_2024_TOTAL|municipality
manaus,1302603,R73_ABANDONMENT_EF_2024_TOTAL,Abandono · Ensino fundamental,state,2024,Total,EF,Total,%,1.2,AVAILABLE,AB_REF,BRASIL_REGIOES_UFS ,153,,3_CAT_FUN,manaus|R73_ABANDONMENT_EF_2024_TOTAL|state
manaus,1302603,R73_ABANDONMENT_EF_2024_TOTAL,Abandono · Ensino fundamental,brazil,2024,Total,EF,Total,%,0.6,AVAILABLE,AB_REF,BRASIL_REGIOES_UFS ,10,,3_CAT_FUN,manaus|R73_ABANDONMENT_EF_2024_TOTAL|brazil
manaus,1302603,R73_ABANDONMENT_AI_2024_TOTAL,Abandono · Anos iniciais,municipality,2024,Total,AI,Total,%,0.3,AVAILABLE,AB_MUN,MUNICIPIOS ,1413,,3_CAT_FUN_AI,manaus|R73_ABANDONMENT_AI_2024_TOTAL|municipality
manaus,1302603,R73_ABANDONMENT_AI_2024_TOTAL,Abandono · Anos iniciais,state,2024,Total,AI,Total,%,0.7,AVAILABLE,AB_REF,BRASIL_REGIOES_UFS ,153,,3_CAT_FUN_AI,manaus|R73_ABANDONMENT_AI_2024_TOTAL|state
manaus,1302603,R73_ABANDONMENT_AI_2024_TOTAL,Abandono · Anos iniciais,brazil,2024,Total,AI,Total,%,0.3,AVAILABLE,AB_REF,BRASIL_REGIOES_UFS ,10,,3_CAT_FUN_AI,manaus|R73_ABANDONMENT_AI_2024_TOTAL|brazil
manaus,1302603,R73_ABANDONMENT_AF_2024_TOTAL,Abandono · Anos finais,municipality,2024,Total,AF,Total,%,0.8,AVAILABLE,AB_MUN,MUNICIPIOS ,1413,,3_CAT_FUN_AF,manaus|R73_ABANDONMENT_AF_2024_TOTAL|municipality
manaus,1302603,R73_ABANDONMENT_AF_2024_TOTAL,Abandono · Anos finais,state,2024,Total,AF,Total,%,1.9,AVAILABLE,AB_REF,BRASIL_REGIOES_UFS ,153,,3_CAT_FUN_AF,manaus|R73_ABANDONMENT_AF_2024_TOTAL|state
manaus,1302603,R73_ABANDONMENT_AF_2024_TOTAL,Abandono · Anos finais,brazil,2024,Total,AF,Total,%,1.1,AVAILABLE,AB_REF,BRASIL_REGIOES_UFS ,10,,3_CAT_FUN_AF,manaus|R73_ABANDONMENT_AF_2024_TOTAL|brazil
manaus,1302603,R73_ABANDONMENT_EM_2024_TOTAL,Abandono · Ensino médio,municipality,2024,Total,EM,Total,%,3.1,AVAILABLE,AB_MUN,MUNICIPIOS ,1413,,3_CAT_MED,manaus|R73_ABANDONMENT_EM_2024_TOTAL|municipality
manaus,1302603,R73_ABANDONMENT_EM_2024_TOTAL,Abandono · Ensino médio,state,2024,Total,EM,Total,%,4.0,AVAILABLE,AB_REF,BRASIL_REGIOES_UFS ,153,,3_CAT_MED,manaus|R73_ABANDONMENT_EM_2024_TOTAL|state
manaus,1302603,R73_ABANDONMENT_EM_2024_TOTAL,Abandono · Ensino médio,brazil,2024,Total,EM,Total,%,3.2,AVAILABLE,AB_REF,BRASIL_REGIOES_UFS ,10,,3_CAT_MED,manaus|R73_ABANDONMENT_EM_2024_TOTAL|brazil
manaus,1302603,R73_DISTORTION_EF_2024_TOTAL,Distorção idade-série · Ensino fundamental,municipality,2024,Total,EF,Total,%,10.2,AVAILABLE,TDI_MUN,MUNICIPIO,1413,,FUN_CAT_0,manaus|R73_DISTORTION_EF_2024_TOTAL|municipality
manaus,1302603,R73_DISTORTION_EF_2024_TOTAL,Distorção idade-série · Ensino fundamental,state,2024,Total,EF,Total,%,14.2,AVAILABLE,TDI_REF,BRASIL_REGIÕES_UFS,153,,FUN_CAT_0,manaus|R73_DISTORTION_EF_2024_TOTAL|state
manaus,1302603,R73_DISTORTION_EF_2024_TOTAL,Distorção idade-série · Ensino fundamental,brazil,2024,Total,EF,Total,%,10.9,AVAILABLE,TDI_REF,BRASIL_REGIÕES_UFS,10,,FUN_CAT_0,manaus|R73_DISTORTION_EF_2024_TOTAL|brazil
manaus,1302603,R73_DISTORTION_AI_2024_TOTAL,Distorção idade-série · Anos iniciais,municipality,2024,Total,AI,Total,%,7.3,AVAILABLE,TDI_MUN,MUNICIPIO,1413,,FUN_AI_CAT_0,manaus|R73_DISTORTION_AI_2024_TOTAL|municipality
manaus,1302603,R73_DISTORTION_AI_2024_TOTAL,Distorção idade-série · Anos iniciais,state,2024,Total,AI,Total,%,9.3,AVAILABLE,TDI_REF,BRASIL_REGIÕES_UFS,153,,FUN_AI_CAT_0,manaus|R73_DISTORTION_AI_2024_TOTAL|state
manaus,1302603,R73_DISTORTION_AI_2024_TOTAL,Distorção idade-série · Anos iniciais,brazil,2024,Total,AI,Total,%,7.1,AVAILABLE,TDI_REF,BRASIL_REGIÕES_UFS,10,,FUN_AI_CAT_0,manaus|R73_DISTORTION_AI_2024_TOTAL|brazil
manaus,1302603,R73_DISTORTION_AF_2024_TOTAL,Distorção idade-série · Anos finais,municipality,2024,Total,AF,Total,%,13.9,AVAILABLE,TDI_MUN,MUNICIPIO,1413,,FUN_AF_CAT_0,manaus|R73_DISTORTION_AF_2024_TOTAL|municipality
manaus,1302603,R73_DISTORTION_AF_2024_TOTAL,Distorção idade-série · Anos finais,state,2024,Total,AF,Total,%,20.5,AVAILABLE,TDI_REF,BRASIL_REGIÕES_UFS,153,,FUN_AF_CAT_0,manaus|R73_DISTORTION_AF_2024_TOTAL|state
manaus,1302603,R73_DISTORTION_AF_2024_TOTAL,Distorção idade-série · Anos finais,brazil,2024,Total,AF,Total,%,15.7,AVAILABLE,TDI_REF,BRASIL_REGIÕES_UFS,10,,FUN_AF_CAT_0,manaus|R73_DISTORTION_AF_2024_TOTAL|brazil
manaus,1302603,R73_DISTORTION_EM_2024_TOTAL,Distorção idade-série · Ensino médio,municipality,2024,Total,EM,Total,%,20.2,AVAILABLE,TDI_MUN,MUNICIPIO,1413,,MED_CAT_0,manaus|R73_DISTORTION_EM_2024_TOTAL|municipality
manaus,1302603,R73_DISTORTION_EM_2024_TOTAL,Distorção idade-série · Ensino médio,state,2024,Total,EM,Total,%,27.1,AVAILABLE,TDI_REF,BRASIL_REGIÕES_UFS,153,,MED_CAT_0,manaus|R73_DISTORTION_EM_2024_TOTAL|state
manaus,1302603,R73_DISTORTION_EM_2024_TOTAL,Distorção idade-série · Ensino médio,brazil,2024,Total,EM,Total,%,17.8,AVAILABLE,TDI_REF,BRASIL_REGIÕES_UFS,10,,MED_CAT_0,manaus|R73_DISTORTION_EM_2024_TOTAL|brazil
manaus,1302603,R73_WASH_WATER_2025,Matrículas em escolas · água inadequada,municipality,2025,Estadual e Municipal,,Total,%,0.05071649,AVAILABLE,FA_WASH_2025,,113,,share_enrolments_inadequate_water,manaus|R73_WASH_WATER_2025|municipality
manaus,1302603,R73_WASH_WATER_2025,Matrículas em escolas · água inadequada,state,2025,Estadual e Municipal,,Total,%,,NOT_APPLICABLE_SCOPE,,,,,,
manaus,1302603,R73_WASH_WATER_2025,Matrículas em escolas · água inadequada,brazil,2025,Estadual e Municipal,,Total,%,,NOT_APPLICABLE_SCOPE,,,,,,
manaus,1302603,R73_WASH_SANITATION_2025,Matrículas em escolas · esgotamento inadequado,municipality,2025,Estadual e Municipal,,Total,%,2.9480109899999998,AVAILABLE,FA_WASH_2025,,113,,share_enrolments_inadequate_sanitation,manaus|R73_WASH_SANITATION_2025|municipality
manaus,1302603,R73_WASH_SANITATION_2025,Matrículas em escolas · esgotamento inadequado,state,2025,Estadual e Municipal,,Total,%,,NOT_APPLICABLE_SCOPE,,,,,,
manaus,1302603,R73_WASH_SANITATION_2025,Matrículas em escolas · esgotamento inadequado,brazil,2025,Estadual e Municipal,,Total,%,,NOT_APPLICABLE_SCOPE,,,,,,
manaus,1302603,R74_IDEB_AI_2025_PUBLICA,Ideb · Anos iniciais,municipality,2025,Pública,AI,Urbana,índice 0–10,6.4,AVAILABLE,INEP_IDEB_2025_MUN_AI,IDEB_AI_MUNICÍPIOS,340,DU340,VL_OBSERVADO_2025,manaus|R74_IDEB_AI_2025_PUBLICA|municipality
manaus,1302603,R74_IDEB_AI_2025_PUBLICA,Ideb · Anos iniciais,state,2025,Pública,AI,Urbana,índice 0–10,5.9,AVAILABLE,INEP_IDEB_2025_UF,UF e Regiões (AI),24,DS24,VL_OBSERVADO_2025,manaus|R74_IDEB_AI_2025_PUBLICA|state
manaus,1302603,R74_IDEB_AI_2025_PUBLICA,Ideb · Anos iniciais,brazil,2025,Pública,AI,Urbana,índice 0–10,,INCOMPATIBLE_UNIVERSE,,,,,,
manaus,1302603,R74_IDEB_AF_2025_PUBLICA,Ideb · Anos finais,municipality,2025,Pública,AF,Urbana,índice 0–10,5.1,AVAILABLE,INEP_IDEB_2025_MUN_AF,IDEB_AF_MUNICÍPIOS,335,DJ335,VL_OBSERVADO_2025,manaus|R74_IDEB_AF_2025_PUBLICA|municipality
manaus,1302603,R74_IDEB_AF_2025_PUBLICA,Ideb · Anos finais,state,2025,Pública,AF,Urbana,índice 0–10,4.8,AVAILABLE,INEP_IDEB_2025_UF,UF e Regiões (AF),24,DH24,VL_OBSERVADO_2025,manaus|R74_IDEB_AF_2025_PUBLICA|state
manaus,1302603,R74_IDEB_AF_2025_PUBLICA,Ideb · Anos finais,brazil,2025,Pública,AF,Urbana,índice 0–10,5,AVAILABLE,INEP_IDEB_2025_BR,Brasil (Anos Finais),14,DH14,VL_OBSERVADO_2025,manaus|R74_IDEB_AF_2025_PUBLICA|brazil
manaus,1302603,R74_IDEB_AI_2025_ESTADUAL,Ideb · Anos iniciais,municipality,2025,Estadual,AI,Urbana,índice 0–10,6.3,AVAILABLE,INEP_IDEB_2025_MUN_AI,IDEB_AI_MUNICÍPIOS,338,DU338,VL_OBSERVADO_2025,manaus|R74_IDEB_AI_2025_ESTADUAL|municipality
manaus,1302603,R74_IDEB_AI_2025_ESTADUAL,Ideb · Anos iniciais,state,2025,Estadual,AI,Urbana,índice 0–10,6.1,AVAILABLE,INEP_IDEB_2025_UF,UF e Regiões (AI),26,DS26,VL_OBSERVADO_2025,manaus|R74_IDEB_AI_2025_ESTADUAL|state
manaus,1302603,R74_IDEB_AI_2025_ESTADUAL,Ideb · Anos iniciais,brazil,2025,Estadual,AI,Urbana,índice 0–10,6.4,AVAILABLE,INEP_IDEB_2025_BR,Brasil (Anos Iniciais),12,DS12,VL_OBSERVADO_2025,manaus|R74_IDEB_AI_2025_ESTADUAL|brazil
manaus,1302603,R74_FA_D1,Localidades → sede · P90 em linha reta,municipality,2022,NOT_APPLICABLE,,Município completo,km,61.860929,AVAILABLE,FA_STRUCTURAL_D1_D2,CSV único,113,,p90_euclidean_distance_to_seat_km,manaus|R74_FA_D1|municipality
manaus,1302603,R74_FA_D2,Sede → nó regional mais próximo · linha reta,municipality,2018 / 2024,NOT_APPLICABLE,,Município completo,km,0.0,AVAILABLE,FA_STRUCTURAL_D1_D2,CSV único,113,,seat_to_nearest_regional_node_euclidean_km,manaus|R74_FA_D2|municipality
sao_luis,2111300,R73_ABANDONMENT_EF_2024_TOTAL,Abandono · Ensino fundamental,municipality,2024,Total,EF,Total,%,0.8,AVAILABLE,AB_MUN,MUNICIPIOS ,8023,,3_CAT_FUN,sao_luis|R73_ABANDONMENT_EF_2024_TOTAL|municipality
sao_luis,2111300,R73_ABANDONMENT_EF_2024_TOTAL,Abandono · Ensino fundamental,state,2024,Total,EF,Total,%,0.9,AVAILABLE,AB_REF,BRASIL_REGIOES_UFS ,242,,3_CAT_FUN,sao_luis|R73_ABANDONMENT_EF_2024_TOTAL|state
sao_luis,2111300,R73_ABANDONMENT_EF_2024_TOTAL,Abandono · Ensino fundamental,brazil,2024,Total,EF,Total,%,0.6,AVAILABLE,AB_REF,BRASIL_REGIOES_UFS ,10,,3_CAT_FUN,sao_luis|R73_ABANDONMENT_EF_2024_TOTAL|brazil
sao_luis,2111300,R73_ABANDONMENT_AI_2024_TOTAL,Abandono · Anos iniciais,municipality,2024,Total,AI,Total,%,0.6,AVAILABLE,AB_MUN,MUNICIPIOS ,8023,,3_CAT_FUN_AI,sao_luis|R73_ABANDONMENT_AI_2024_TOTAL|municipality
sao_luis,2111300,R73_ABANDONMENT_AI_2024_TOTAL,Abandono · Anos iniciais,state,2024,Total,AI,Total,%,0.4,AVAILABLE,AB_REF,BRASIL_REGIOES_UFS ,242,,3_CAT_FUN_AI,sao_luis|R73_ABANDONMENT_AI_2024_TOTAL|state
sao_luis,2111300,R73_ABANDONMENT_AI_2024_TOTAL,Abandono · Anos iniciais,brazil,2024,Total,AI,Total,%,0.3,AVAILABLE,AB_REF,BRASIL_REGIOES_UFS ,10,,3_CAT_FUN_AI,sao_luis|R73_ABANDONMENT_AI_2024_TOTAL|brazil
sao_luis,2111300,R73_ABANDONMENT_AF_2024_TOTAL,Abandono · Anos finais,municipality,2024,Total,AF,Total,%,1.0,AVAILABLE,AB_MUN,MUNICIPIOS ,8023,,3_CAT_FUN_AF,sao_luis|R73_ABANDONMENT_AF_2024_TOTAL|municipality
sao_luis,2111300,R73_ABANDONMENT_AF_2024_TOTAL,Abandono · Anos finais,state,2024,Total,AF,Total,%,1.6,AVAILABLE,AB_REF,BRASIL_REGIOES_UFS ,242,,3_CAT_FUN_AF,sao_luis|R73_ABANDONMENT_AF_2024_TOTAL|state
sao_luis,2111300,R73_ABANDONMENT_AF_2024_TOTAL,Abandono · Anos finais,brazil,2024,Total,AF,Total,%,1.1,AVAILABLE,AB_REF,BRASIL_REGIOES_UFS ,10,,3_CAT_FUN_AF,sao_luis|R73_ABANDONMENT_AF_2024_TOTAL|brazil
sao_luis,2111300,R73_ABANDONMENT_EM_2024_TOTAL,Abandono · Ensino médio,municipality,2024,Total,EM,Total,%,1.4,AVAILABLE,AB_MUN,MUNICIPIOS ,8023,,3_CAT_MED,sao_luis|R73_ABANDONMENT_EM_2024_TOTAL|municipality
sao_luis,2111300,R73_ABANDONMENT_EM_2024_TOTAL,Abandono · Ensino médio,state,2024,Total,EM,Total,%,3.3,AVAILABLE,AB_REF,BRASIL_REGIOES_UFS ,242,,3_CAT_MED,sao_luis|R73_ABANDONMENT_EM_2024_TOTAL|state
sao_luis,2111300,R73_ABANDONMENT_EM_2024_TOTAL,Abandono · Ensino médio,brazil,2024,Total,EM,Total,%,3.2,AVAILABLE,AB_REF,BRASIL_REGIOES_UFS ,10,,3_CAT_MED,sao_luis|R73_ABANDONMENT_EM_2024_TOTAL|brazil
sao_luis,2111300,R73_DISTORTION_EF_2024_TOTAL,Distorção idade-série · Ensino fundamental,municipality,2024,Total,EF,Total,%,12.8,AVAILABLE,TDI_MUN,MUNICIPIO,8019,,FUN_CAT_0,sao_luis|R73_DISTORTION_EF_2024_TOTAL|municipality
sao_luis,2111300,R73_DISTORTION_EF_2024_TOTAL,Distorção idade-série · Ensino fundamental,state,2024,Total,EF,Total,%,13.4,AVAILABLE,TDI_REF,BRASIL_REGIÕES_UFS,242,,FUN_CAT_0,sao_luis|R73_DISTORTION_EF_2024_TOTAL|state
sao_luis,2111300,R73_DISTORTION_EF_2024_TOTAL,Distorção idade-série · Ensino fundamental,brazil,2024,Total,EF,Total,%,10.9,AVAILABLE,TDI_REF,BRASIL_REGIÕES_UFS,10,,FUN_CAT_0,sao_luis|R73_DISTORTION_EF_2024_TOTAL|brazil
sao_luis,2111300,R73_DISTORTION_AI_2024_TOTAL,Distorção idade-série · Anos iniciais,municipality,2024,Total,AI,Total,%,9.0,AVAILABLE,TDI_MUN,MUNICIPIO,8019,,FUN_AI_CAT_0,sao_luis|R73_DISTORTION_AI_2024_TOTAL|municipality
sao_luis,2111300,R73_DISTORTION_AI_2024_TOTAL,Distorção idade-série · Anos iniciais,state,2024,Total,AI,Total,%,7.5,AVAILABLE,TDI_REF,BRASIL_REGIÕES_UFS,242,,FUN_AI_CAT_0,sao_luis|R73_DISTORTION_AI_2024_TOTAL|state
sao_luis,2111300,R73_DISTORTION_AI_2024_TOTAL,Distorção idade-série · Anos iniciais,brazil,2024,Total,AI,Total,%,7.1,AVAILABLE,TDI_REF,BRASIL_REGIÕES_UFS,10,,FUN_AI_CAT_0,sao_luis|R73_DISTORTION_AI_2024_TOTAL|brazil
sao_luis,2111300,R73_DISTORTION_AF_2024_TOTAL,Distorção idade-série · Anos finais,municipality,2024,Total,AF,Total,%,17.2,AVAILABLE,TDI_MUN,MUNICIPIO,8019,,FUN_AF_CAT_0,sao_luis|R73_DISTORTION_AF_2024_TOTAL|municipality
sao_luis,2111300,R73_DISTORTION_AF_2024_TOTAL,Distorção idade-série · Anos finais,state,2024,Total,AF,Total,%,20.4,AVAILABLE,TDI_REF,BRASIL_REGIÕES_UFS,242,,FUN_AF_CAT_0,sao_luis|R73_DISTORTION_AF_2024_TOTAL|state
sao_luis,2111300,R73_DISTORTION_AF_2024_TOTAL,Distorção idade-série · Anos finais,brazil,2024,Total,AF,Total,%,15.7,AVAILABLE,TDI_REF,BRASIL_REGIÕES_UFS,10,,FUN_AF_CAT_0,sao_luis|R73_DISTORTION_AF_2024_TOTAL|brazil
sao_luis,2111300,R73_DISTORTION_EM_2024_TOTAL,Distorção idade-série · Ensino médio,municipality,2024,Total,EM,Total,%,17.3,AVAILABLE,TDI_MUN,MUNICIPIO,8019,,MED_CAT_0,sao_luis|R73_DISTORTION_EM_2024_TOTAL|municipality
sao_luis,2111300,R73_DISTORTION_EM_2024_TOTAL,Distorção idade-série · Ensino médio,state,2024,Total,EM,Total,%,23.0,AVAILABLE,TDI_REF,BRASIL_REGIÕES_UFS,242,,MED_CAT_0,sao_luis|R73_DISTORTION_EM_2024_TOTAL|state
sao_luis,2111300,R73_DISTORTION_EM_2024_TOTAL,Distorção idade-série · Ensino médio,brazil,2024,Total,EM,Total,%,17.8,AVAILABLE,TDI_REF,BRASIL_REGIÕES_UFS,10,,MED_CAT_0,sao_luis|R73_DISTORTION_EM_2024_TOTAL|brazil
sao_luis,2111300,R73_WASH_WATER_2025,Matrículas em escolas · água inadequada,municipality,2025,Estadual e Municipal,,Total,%,0.93283582,AVAILABLE,FA_WASH_2025,,637,,share_enrolments_inadequate_water,sao_luis|R73_WASH_WATER_2025|municipality
sao_luis,2111300,R73_WASH_WATER_2025,Matrículas em escolas · água inadequada,state,2025,Estadual e Municipal,,Total,%,,NOT_APPLICABLE_SCOPE,,,,,,
sao_luis,2111300,R73_WASH_WATER_2025,Matrículas em escolas · água inadequada,brazil,2025,Estadual e Municipal,,Total,%,,NOT_APPLICABLE_SCOPE,,,,,,
sao_luis,2111300,R73_WASH_SANITATION_2025,Matrículas em escolas · esgotamento inadequado,municipality,2025,Estadual e Municipal,,Total,%,3.23458011,AVAILABLE,FA_WASH_2025,,637,,share_enrolments_inadequate_sanitation,sao_luis|R73_WASH_SANITATION_2025|municipality
sao_luis,2111300,R73_WASH_SANITATION_2025,Matrículas em escolas · esgotamento inadequado,state,2025,Estadual e Municipal,,Total,%,,NOT_APPLICABLE_SCOPE,,,,,,
sao_luis,2111300,R73_WASH_SANITATION_2025,Matrículas em escolas · esgotamento inadequado,brazil,2025,Estadual e Municipal,,Total,%,,NOT_APPLICABLE_SCOPE,,,,,,
sao_luis,2111300,R74_IDEB_AI_2025_PUBLICA,Ideb · Anos iniciais,municipality,2025,Pública,AI,Urbana,índice 0–10,6,AVAILABLE,INEP_IDEB_2025_MUN_AI,IDEB_AI_MUNICÍPIOS,1721,DU1721,VL_OBSERVADO_2025,sao_luis|R74_IDEB_AI_2025_PUBLICA|municipality
sao_luis,2111300,R74_IDEB_AI_2025_PUBLICA,Ideb · Anos iniciais,state,2025,Pública,AI,Urbana,índice 0–10,5.5,AVAILABLE,INEP_IDEB_2025_UF,UF e Regiões (AI),48,DS48,VL_OBSERVADO_2025,sao_luis|R74_IDEB_AI_2025_PUBLICA|state
sao_luis,2111300,R74_IDEB_AI_2025_PUBLICA,Ideb · Anos iniciais,brazil,2025,Pública,AI,Urbana,índice 0–10,,INCOMPATIBLE_UNIVERSE,,,,,,
sao_luis,2111300,R74_IDEB_AF_2025_PUBLICA,Ideb · Anos finais,municipality,2025,Pública,AF,Urbana,índice 0–10,4.6,AVAILABLE,INEP_IDEB_2025_MUN_AF,IDEB_AF_MUNICÍPIOS,1695,DJ1695,VL_OBSERVADO_2025,sao_luis|R74_IDEB_AF_2025_PUBLICA|municipality
sao_luis,2111300,R74_IDEB_AF_2025_PUBLICA,Ideb · Anos finais,state,2025,Pública,AF,Urbana,índice 0–10,4.5,AVAILABLE,INEP_IDEB_2025_UF,UF e Regiões (AF),48,DH48,VL_OBSERVADO_2025,sao_luis|R74_IDEB_AF_2025_PUBLICA|state
sao_luis,2111300,R74_IDEB_AF_2025_PUBLICA,Ideb · Anos finais,brazil,2025,Pública,AF,Urbana,índice 0–10,5,AVAILABLE,INEP_IDEB_2025_BR,Brasil (Anos Finais),14,DH14,VL_OBSERVADO_2025,sao_luis|R74_IDEB_AF_2025_PUBLICA|brazil
sao_luis,2111300,R74_IDEB_AI_2025_ESTADUAL,Ideb · Anos iniciais,municipality,2025,Estadual,AI,Urbana,índice 0–10,5.1,AVAILABLE,INEP_IDEB_2025_MUN_AI,IDEB_AI_MUNICÍPIOS,1719,DU1719,VL_OBSERVADO_2025,sao_luis|R74_IDEB_AI_2025_ESTADUAL|municipality
sao_luis,2111300,R74_IDEB_AI_2025_ESTADUAL,Ideb · Anos iniciais,state,2025,Estadual,AI,Urbana,índice 0–10,4.6,AVAILABLE,INEP_IDEB_2025_UF,UF e Regiões (AI),50,DS50,VL_OBSERVADO_2025,sao_luis|R74_IDEB_AI_2025_ESTADUAL|state
sao_luis,2111300,R74_IDEB_AI_2025_ESTADUAL,Ideb · Anos iniciais,brazil,2025,Estadual,AI,Urbana,índice 0–10,6.4,AVAILABLE,INEP_IDEB_2025_BR,Brasil (Anos Iniciais),12,DS12,VL_OBSERVADO_2025,sao_luis|R74_IDEB_AI_2025_ESTADUAL|brazil
sao_luis,2111300,R74_FA_D1,Localidades → sede · P90 em linha reta,municipality,2022,NOT_APPLICABLE,,Município completo,km,23.106952,AVAILABLE,FA_STRUCTURAL_D1_D2,CSV único,637,,p90_euclidean_distance_to_seat_km,sao_luis|R74_FA_D1|municipality
sao_luis,2111300,R74_FA_D2,Sede → nó regional mais próximo · linha reta,municipality,2018 / 2024,NOT_APPLICABLE,,Município completo,km,0.0,AVAILABLE,FA_STRUCTURAL_D1_D2,CSV único,637,,seat_to_nearest_regional_node_euclidean_km,sao_luis|R74_FA_D2|municipality
sao_paulo,3550308,R73_ABANDONMENT_EF_2024_TOTAL,Abandono · Ensino fundamental,municipality,2024,Total,EF,Total,%,0.6,AVAILABLE,AB_MUN,MUNICIPIOS ,46016,,3_CAT_FUN,sao_paulo|R73_ABANDONMENT_EF_2024_TOTAL|municipality
sao_paulo,3550308,R73_ABANDONMENT_EF_2024_TOTAL,Abandono · Ensino fundamental,state,2024,Total,EF,Total,%,0.4,AVAILABLE,AB_REF,BRASIL_REGIOES_UFS ,457,,3_CAT_FUN,sao_paulo|R73_ABANDONMENT_EF_2024_TOTAL|state
sao_paulo,3550308,R73_ABANDONMENT_EF_2024_TOTAL,Abandono · Ensino fundamental,brazil,2024,Total,EF,Total,%,0.6,AVAILABLE,AB_REF,BRASIL_REGIOES_UFS ,10,,3_CAT_FUN,sao_paulo|R73_ABANDONMENT_EF_2024_TOTAL|brazil
sao_paulo,3550308,R73_ABANDONMENT_AI_2024_TOTAL,Abandono · Anos iniciais,municipality,2024,Total,AI,Total,%,0.5,AVAILABLE,AB_MUN,MUNICIPIOS ,46016,,3_CAT_FUN_AI,sao_paulo|R73_ABANDONMENT_AI_2024_TOTAL|municipality
sao_paulo,3550308,R73_ABANDONMENT_AI_2024_TOTAL,Abandono · Anos iniciais,state,2024,Total,AI,Total,%,0.2,AVAILABLE,AB_REF,BRASIL_REGIOES_UFS ,457,,3_CAT_FUN_AI,sao_paulo|R73_ABANDONMENT_AI_2024_TOTAL|state
sao_paulo,3550308,R73_ABANDONMENT_AI_2024_TOTAL,Abandono · Anos iniciais,brazil,2024,Total,AI,Total,%,0.3,AVAILABLE,AB_REF,BRASIL_REGIOES_UFS ,10,,3_CAT_FUN_AI,sao_paulo|R73_ABANDONMENT_AI_2024_TOTAL|brazil
sao_paulo,3550308,R73_ABANDONMENT_AF_2024_TOTAL,Abandono · Anos finais,municipality,2024,Total,AF,Total,%,0.8,AVAILABLE,AB_MUN,MUNICIPIOS ,46016,,3_CAT_FUN_AF,sao_paulo|R73_ABANDONMENT_AF_2024_TOTAL|municipality
sao_paulo,3550308,R73_ABANDONMENT_AF_2024_TOTAL,Abandono · Anos finais,state,2024,Total,AF,Total,%,0.6,AVAILABLE,AB_REF,BRASIL_REGIOES_UFS ,457,,3_CAT_FUN_AF,sao_paulo|R73_ABANDONMENT_AF_2024_TOTAL|state
sao_paulo,3550308,R73_ABANDONMENT_AF_2024_TOTAL,Abandono · Anos finais,brazil,2024,Total,AF,Total,%,1.1,AVAILABLE,AB_REF,BRASIL_REGIOES_UFS ,10,,3_CAT_FUN_AF,sao_paulo|R73_ABANDONMENT_AF_2024_TOTAL|brazil
sao_paulo,3550308,R73_ABANDONMENT_EM_2024_TOTAL,Abandono · Ensino médio,municipality,2024,Total,EM,Total,%,2.1,AVAILABLE,AB_MUN,MUNICIPIOS ,46016,,3_CAT_MED,sao_paulo|R73_ABANDONMENT_EM_2024_TOTAL|municipality
sao_paulo,3550308,R73_ABANDONMENT_EM_2024_TOTAL,Abandono · Ensino médio,state,2024,Total,EM,Total,%,2.1,AVAILABLE,AB_REF,BRASIL_REGIOES_UFS ,457,,3_CAT_MED,sao_paulo|R73_ABANDONMENT_EM_2024_TOTAL|state
sao_paulo,3550308,R73_ABANDONMENT_EM_2024_TOTAL,Abandono · Ensino médio,brazil,2024,Total,EM,Total,%,3.2,AVAILABLE,AB_REF,BRASIL_REGIOES_UFS ,10,,3_CAT_MED,sao_paulo|R73_ABANDONMENT_EM_2024_TOTAL|brazil
sao_paulo,3550308,R73_DISTORTION_EF_2024_TOTAL,Distorção idade-série · Ensino fundamental,municipality,2024,Total,EF,Total,%,4.8,AVAILABLE,TDI_MUN,MUNICIPIO,45962,,FUN_CAT_0,sao_paulo|R73_DISTORTION_EF_2024_TOTAL|municipality
sao_paulo,3550308,R73_DISTORTION_EF_2024_TOTAL,Distorção idade-série · Ensino fundamental,state,2024,Total,EF,Total,%,4.3,AVAILABLE,TDI_REF,BRASIL_REGIÕES_UFS,457,,FUN_CAT_0,sao_paulo|R73_DISTORTION_EF_2024_TOTAL|state
sao_paulo,3550308,R73_DISTORTION_EF_2024_TOTAL,Distorção idade-série · Ensino fundamental,brazil,2024,Total,EF,Total,%,10.9,AVAILABLE,TDI_REF,BRASIL_REGIÕES_UFS,10,,FUN_CAT_0,sao_paulo|R73_DISTORTION_EF_2024_TOTAL|brazil
sao_paulo,3550308,R73_DISTORTION_AI_2024_TOTAL,Distorção idade-série · Anos iniciais,municipality,2024,Total,AI,Total,%,3.2,AVAILABLE,TDI_MUN,MUNICIPIO,45962,,FUN_AI_CAT_0,sao_paulo|R73_DISTORTION_AI_2024_TOTAL|municipality
sao_paulo,3550308,R73_DISTORTION_AI_2024_TOTAL,Distorção idade-série · Anos iniciais,state,2024,Total,AI,Total,%,2.6,AVAILABLE,TDI_REF,BRASIL_REGIÕES_UFS,457,,FUN_AI_CAT_0,sao_paulo|R73_DISTORTION_AI_2024_TOTAL|state
sao_paulo,3550308,R73_DISTORTION_AI_2024_TOTAL,Distorção idade-série · Anos iniciais,brazil,2024,Total,AI,Total,%,7.1,AVAILABLE,TDI_REF,BRASIL_REGIÕES_UFS,10,,FUN_AI_CAT_0,sao_paulo|R73_DISTORTION_AI_2024_TOTAL|brazil
sao_paulo,3550308,R73_DISTORTION_AF_2024_TOTAL,Distorção idade-série · Anos finais,municipality,2024,Total,AF,Total,%,6.8,AVAILABLE,TDI_MUN,MUNICIPIO,45962,,FUN_AF_CAT_0,sao_paulo|R73_DISTORTION_AF_2024_TOTAL|municipality
sao_paulo,3550308,R73_DISTORTION_AF_2024_TOTAL,Distorção idade-série · Anos finais,state,2024,Total,AF,Total,%,6.3,AVAILABLE,TDI_REF,BRASIL_REGIÕES_UFS,457,,FUN_AF_CAT_0,sao_paulo|R73_DISTORTION_AF_2024_TOTAL|state
sao_paulo,3550308,R73_DISTORTION_AF_2024_TOTAL,Distorção idade-série · Anos finais,brazil,2024,Total,AF,Total,%,15.7,AVAILABLE,TDI_REF,BRASIL_REGIÕES_UFS,10,,FUN_AF_CAT_0,sao_paulo|R73_DISTORTION_AF_2024_TOTAL|brazil
sao_paulo,3550308,R73_DISTORTION_EM_2024_TOTAL,Distorção idade-série · Ensino médio,municipality,2024,Total,EM,Total,%,12.5,AVAILABLE,TDI_MUN,MUNICIPIO,45962,,MED_CAT_0,sao_paulo|R73_DISTORTION_EM_2024_TOTAL|municipality
sao_paulo,3550308,R73_DISTORTION_EM_2024_TOTAL,Distorção idade-série · Ensino médio,state,2024,Total,EM,Total,%,9.5,AVAILABLE,TDI_REF,BRASIL_REGIÕES_UFS,457,,MED_CAT_0,sao_paulo|R73_DISTORTION_EM_2024_TOTAL|state
sao_paulo,3550308,R73_DISTORTION_EM_2024_TOTAL,Distorção idade-série · Ensino médio,brazil,2024,Total,EM,Total,%,17.8,AVAILABLE,TDI_REF,BRASIL_REGIÕES_UFS,10,,MED_CAT_0,sao_paulo|R73_DISTORTION_EM_2024_TOTAL|brazil
sao_paulo,3550308,R74_IDEB_AI_2025_PUBLICA,Ideb · Anos iniciais,municipality,2025,Pública,AI,Urbana,índice 0–10,6.2,AVAILABLE,INEP_IDEB_2025_MUN_AI,IDEB_AI_MUNICÍPIOS,9960,DU9960,VL_OBSERVADO_2025,sao_paulo|R74_IDEB_AI_2025_PUBLICA|municipality
sao_paulo,3550308,R74_IDEB_AI_2025_PUBLICA,Ideb · Anos iniciais,state,2025,Pública,AI,Urbana,índice 0–10,6.5,AVAILABLE,INEP_IDEB_2025_UF,UF e Regiões (AI),100,DS100,VL_OBSERVADO_2025,sao_paulo|R74_IDEB_AI_2025_PUBLICA|state
sao_paulo,3550308,R74_IDEB_AI_2025_PUBLICA,Ideb · Anos iniciais,brazil,2025,Pública,AI,Urbana,índice 0–10,,INCOMPATIBLE_UNIVERSE,,,,,,
sao_paulo,3550308,R74_IDEB_AF_2025_PUBLICA,Ideb · Anos finais,municipality,2025,Pública,AF,Urbana,índice 0–10,5,AVAILABLE,INEP_IDEB_2025_MUN_AF,IDEB_AF_MUNICÍPIOS,10071,DJ10071,VL_OBSERVADO_2025,sao_paulo|R74_IDEB_AF_2025_PUBLICA|municipality
sao_paulo,3550308,R74_IDEB_AF_2025_PUBLICA,Ideb · Anos finais,state,2025,Pública,AF,Urbana,índice 0–10,5.2,AVAILABLE,INEP_IDEB_2025_UF,UF e Regiões (AF),100,DH100,VL_OBSERVADO_2025,sao_paulo|R74_IDEB_AF_2025_PUBLICA|state
sao_paulo,3550308,R74_IDEB_AF_2025_PUBLICA,Ideb · Anos finais,brazil,2025,Pública,AF,Urbana,índice 0–10,5,AVAILABLE,INEP_IDEB_2025_BR,Brasil (Anos Finais),14,DH14,VL_OBSERVADO_2025,sao_paulo|R74_IDEB_AF_2025_PUBLICA|brazil
sao_paulo,3550308,R74_IDEB_AI_2025_ESTADUAL,Ideb · Anos iniciais,municipality,2025,Estadual,AI,Urbana,índice 0–10,6.5,AVAILABLE,INEP_IDEB_2025_MUN_AI,IDEB_AI_MUNICÍPIOS,9958,DU9958,VL_OBSERVADO_2025,sao_paulo|R74_IDEB_AI_2025_ESTADUAL|municipality
sao_paulo,3550308,R74_IDEB_AI_2025_ESTADUAL,Ideb · Anos iniciais,state,2025,Estadual,AI,Urbana,índice 0–10,6.6,AVAILABLE,INEP_IDEB_2025_UF,UF e Regiões (AI),102,DS102,VL_OBSERVADO_2025,sao_paulo|R74_IDEB_AI_2025_ESTADUAL|state
sao_paulo,3550308,R74_IDEB_AI_2025_ESTADUAL,Ideb · Anos iniciais,brazil,2025,Estadual,AI,Urbana,índice 0–10,6.4,AVAILABLE,INEP_IDEB_2025_BR,Brasil (Anos Iniciais),12,DS12,VL_OBSERVADO_2025,sao_paulo|R74_IDEB_AI_2025_ESTADUAL|brazil
rio_de_janeiro,3304557,R73_ABANDONMENT_EF_2024_TOTAL,Abandono · Ensino fundamental,municipality,2024,Total,EF,Total,%,0.3,AVAILABLE,AB_MUN,MUNICIPIOS ,39826,,3_CAT_FUN,rio_de_janeiro|R73_ABANDONMENT_EF_2024_TOTAL|municipality
rio_de_janeiro,3304557,R73_ABANDONMENT_EF_2024_TOTAL,Abandono · Ensino fundamental,state,2024,Total,EF,Total,%,0.5,AVAILABLE,AB_REF,BRASIL_REGIOES_UFS ,439,,3_CAT_FUN,rio_de_janeiro|R73_ABANDONMENT_EF_2024_TOTAL|state
rio_de_janeiro,3304557,R73_ABANDONMENT_EF_2024_TOTAL,Abandono · Ensino fundamental,brazil,2024,Total,EF,Total,%,0.6,AVAILABLE,AB_REF,BRASIL_REGIOES_UFS ,10,,3_CAT_FUN,rio_de_janeiro|R73_ABANDONMENT_EF_2024_TOTAL|brazil
rio_de_janeiro,3304557,R73_ABANDONMENT_AI_2024_TOTAL,Abandono · Anos iniciais,municipality,2024,Total,AI,Total,%,0.2,AVAILABLE,AB_MUN,MUNICIPIOS ,39826,,3_CAT_FUN_AI,rio_de_janeiro|R73_ABANDONMENT_AI_2024_TOTAL|municipality
rio_de_janeiro,3304557,R73_ABANDONMENT_AI_2024_TOTAL,Abandono · Anos iniciais,state,2024,Total,AI,Total,%,0.3,AVAILABLE,AB_REF,BRASIL_REGIOES_UFS ,439,,3_CAT_FUN_AI,rio_de_janeiro|R73_ABANDONMENT_AI_2024_TOTAL|state
rio_de_janeiro,3304557,R73_ABANDONMENT_AI_2024_TOTAL,Abandono · Anos iniciais,brazil,2024,Total,AI,Total,%,0.3,AVAILABLE,AB_REF,BRASIL_REGIOES_UFS ,10,,3_CAT_FUN_AI,rio_de_janeiro|R73_ABANDONMENT_AI_2024_TOTAL|brazil
rio_de_janeiro,3304557,R73_ABANDONMENT_AF_2024_TOTAL,Abandono · Anos finais,municipality,2024,Total,AF,Total,%,0.3,AVAILABLE,AB_MUN,MUNICIPIOS ,39826,,3_CAT_FUN_AF,rio_de_janeiro|R73_ABANDONMENT_AF_2024_TOTAL|municipality
rio_de_janeiro,3304557,R73_ABANDONMENT_AF_2024_TOTAL,Abandono · Anos finais,state,2024,Total,AF,Total,%,0.8,AVAILABLE,AB_REF,BRASIL_REGIOES_UFS ,439,,3_CAT_FUN_AF,rio_de_janeiro|R73_ABANDONMENT_AF_2024_TOTAL|state
rio_de_janeiro,3304557,R73_ABANDONMENT_AF_2024_TOTAL,Abandono · Anos finais,brazil,2024,Total,AF,Total,%,1.1,AVAILABLE,AB_REF,BRASIL_REGIOES_UFS ,10,,3_CAT_FUN_AF,rio_de_janeiro|R73_ABANDONMENT_AF_2024_TOTAL|brazil
rio_de_janeiro,3304557,R73_ABANDONMENT_EM_2024_TOTAL,Abandono · Ensino médio,municipality,2024,Total,EM,Total,%,5.8,AVAILABLE,AB_MUN,MUNICIPIOS ,39826,,3_CAT_MED,rio_de_janeiro|R73_ABANDONMENT_EM_2024_TOTAL|municipality
rio_de_janeiro,3304557,R73_ABANDONMENT_EM_2024_TOTAL,Abandono · Ensino médio,state,2024,Total,EM,Total,%,4.5,AVAILABLE,AB_REF,BRASIL_REGIOES_UFS ,439,,3_CAT_MED,rio_de_janeiro|R73_ABANDONMENT_EM_2024_TOTAL|state
rio_de_janeiro,3304557,R73_ABANDONMENT_EM_2024_TOTAL,Abandono · Ensino médio,brazil,2024,Total,EM,Total,%,3.2,AVAILABLE,AB_REF,BRASIL_REGIOES_UFS ,10,,3_CAT_MED,rio_de_janeiro|R73_ABANDONMENT_EM_2024_TOTAL|brazil
rio_de_janeiro,3304557,R73_DISTORTION_EF_2024_TOTAL,Distorção idade-série · Ensino fundamental,municipality,2024,Total,EF,Total,%,9.9,AVAILABLE,TDI_MUN,MUNICIPIO,39776,,FUN_CAT_0,rio_de_janeiro|R73_DISTORTION_EF_2024_TOTAL|municipality
rio_de_janeiro,3304557,R73_DISTORTION_EF_2024_TOTAL,Distorção idade-série · Ensino fundamental,state,2024,Total,EF,Total,%,16.4,AVAILABLE,TDI_REF,BRASIL_REGIÕES_UFS,439,,FUN_CAT_0,rio_de_janeiro|R73_DISTORTION_EF_2024_TOTAL|state
rio_de_janeiro,3304557,R73_DISTORTION_EF_2024_TOTAL,Distorção idade-série · Ensino fundamental,brazil,2024,Total,EF,Total,%,10.9,AVAILABLE,TDI_REF,BRASIL_REGIÕES_UFS,10,,FUN_CAT_0,rio_de_janeiro|R73_DISTORTION_EF_2024_TOTAL|brazil
rio_de_janeiro,3304557,R73_DISTORTION_AI_2024_TOTAL,Distorção idade-série · Anos iniciais,municipality,2024,Total,AI,Total,%,7.3,AVAILABLE,TDI_MUN,MUNICIPIO,39776,,FUN_AI_CAT_0,rio_de_janeiro|R73_DISTORTION_AI_2024_TOTAL|municipality
rio_de_janeiro,3304557,R73_DISTORTION_AI_2024_TOTAL,Distorção idade-série · Anos iniciais,state,2024,Total,AI,Total,%,12.6,AVAILABLE,TDI_REF,BRASIL_REGIÕES_UFS,439,,FUN_AI_CAT_0,rio_de_janeiro|R73_DISTORTION_AI_2024_TOTAL|state
rio_de_janeiro,3304557,R73_DISTORTION_AI_2024_TOTAL,Distorção idade-série · Anos iniciais,brazil,2024,Total,AI,Total,%,7.1,AVAILABLE,TDI_REF,BRASIL_REGIÕES_UFS,10,,FUN_AI_CAT_0,rio_de_janeiro|R73_DISTORTION_AI_2024_TOTAL|brazil
rio_de_janeiro,3304557,R73_DISTORTION_AF_2024_TOTAL,Distorção idade-série · Anos finais,municipality,2024,Total,AF,Total,%,13.3,AVAILABLE,TDI_MUN,MUNICIPIO,39776,,FUN_AF_CAT_0,rio_de_janeiro|R73_DISTORTION_AF_2024_TOTAL|municipality
rio_de_janeiro,3304557,R73_DISTORTION_AF_2024_TOTAL,Distorção idade-série · Anos finais,state,2024,Total,AF,Total,%,21.5,AVAILABLE,TDI_REF,BRASIL_REGIÕES_UFS,439,,FUN_AF_CAT_0,rio_de_janeiro|R73_DISTORTION_AF_2024_TOTAL|state
rio_de_janeiro,3304557,R73_DISTORTION_AF_2024_TOTAL,Distorção idade-série · Anos finais,brazil,2024,Total,AF,Total,%,15.7,AVAILABLE,TDI_REF,BRASIL_REGIÕES_UFS,10,,FUN_AF_CAT_0,rio_de_janeiro|R73_DISTORTION_AF_2024_TOTAL|brazil
rio_de_janeiro,3304557,R73_DISTORTION_EM_2024_TOTAL,Distorção idade-série · Ensino médio,municipality,2024,Total,EM,Total,%,24.8,AVAILABLE,TDI_MUN,MUNICIPIO,39776,,MED_CAT_0,rio_de_janeiro|R73_DISTORTION_EM_2024_TOTAL|municipality
rio_de_janeiro,3304557,R73_DISTORTION_EM_2024_TOTAL,Distorção idade-série · Ensino médio,state,2024,Total,EM,Total,%,27.0,AVAILABLE,TDI_REF,BRASIL_REGIÕES_UFS,439,,MED_CAT_0,rio_de_janeiro|R73_DISTORTION_EM_2024_TOTAL|state
rio_de_janeiro,3304557,R73_DISTORTION_EM_2024_TOTAL,Distorção idade-série · Ensino médio,brazil,2024,Total,EM,Total,%,17.8,AVAILABLE,TDI_REF,BRASIL_REGIÕES_UFS,10,,MED_CAT_0,rio_de_janeiro|R73_DISTORTION_EM_2024_TOTAL|brazil
rio_de_janeiro,3304557,R74_IDEB_AI_2025_PUBLICA,Ideb · Anos iniciais,municipality,2025,Pública,AI,Urbana,índice 0–10,6.2,AVAILABLE,INEP_IDEB_2025_MUN_AI,IDEB_AI_MUNICÍPIOS,8541,DU8541,VL_OBSERVADO_2025,rio_de_janeiro|R74_IDEB_AI_2025_PUBLICA|municipality
rio_de_janeiro,3304557,R74_IDEB_AI_2025_PUBLICA,Ideb · Anos iniciais,state,2025,Pública,AI,Urbana,índice 0–10,5.8,AVAILABLE,INEP_IDEB_2025_UF,UF e Regiões (AI),96,DS96,VL_OBSERVADO_2025,rio_de_janeiro|R74_IDEB_AI_2025_PUBLICA|state
rio_de_janeiro,3304557,R74_IDEB_AI_2025_PUBLICA,Ideb · Anos iniciais,brazil,2025,Pública,AI,Urbana,índice 0–10,,INCOMPATIBLE_UNIVERSE,,,,,,
rio_de_janeiro,3304557,R74_IDEB_AF_2025_PUBLICA,Ideb · Anos finais,municipality,2025,Pública,AF,Urbana,índice 0–10,5.2,AVAILABLE,INEP_IDEB_2025_MUN_AF,IDEB_AF_MUNICÍPIOS,8704,DJ8704,VL_OBSERVADO_2025,rio_de_janeiro|R74_IDEB_AF_2025_PUBLICA|municipality
rio_de_janeiro,3304557,R74_IDEB_AF_2025_PUBLICA,Ideb · Anos finais,state,2025,Pública,AF,Urbana,índice 0–10,4.7,AVAILABLE,INEP_IDEB_2025_UF,UF e Regiões (AF),96,DH96,VL_OBSERVADO_2025,rio_de_janeiro|R74_IDEB_AF_2025_PUBLICA|state
rio_de_janeiro,3304557,R74_IDEB_AF_2025_PUBLICA,Ideb · Anos finais,brazil,2025,Pública,AF,Urbana,índice 0–10,5,AVAILABLE,INEP_IDEB_2025_BR,Brasil (Anos Finais),14,DH14,VL_OBSERVADO_2025,rio_de_janeiro|R74_IDEB_AF_2025_PUBLICA|brazil
rio_de_janeiro,3304557,R74_IDEB_AI_2025_ESTADUAL,Ideb · Anos iniciais,municipality,2025,Estadual,AI,Urbana,índice 0–10,6.1,AVAILABLE,INEP_IDEB_2025_MUN_AI,IDEB_AI_MUNICÍPIOS,8539,DU8539,VL_OBSERVADO_2025,rio_de_janeiro|R74_IDEB_AI_2025_ESTADUAL|municipality
rio_de_janeiro,3304557,R74_IDEB_AI_2025_ESTADUAL,Ideb · Anos iniciais,state,2025,Estadual,AI,Urbana,índice 0–10,5.8,AVAILABLE,INEP_IDEB_2025_UF,UF e Regiões (AI),98,DS98,VL_OBSERVADO_2025,rio_de_janeiro|R74_IDEB_AI_2025_ESTADUAL|state
rio_de_janeiro,3304557,R74_IDEB_AI_2025_ESTADUAL,Ideb · Anos iniciais,brazil,2025,Estadual,AI,Urbana,índice 0–10,6.4,AVAILABLE,INEP_IDEB_2025_BR,Brasil (Anos Iniciais),12,DS12,VL_OBSERVADO_2025,rio_de_janeiro|R74_IDEB_AI_2025_ESTADUAL|brazil
